[
    {
        "title" : "Packing List",
        "description" : "sea job document (M13JHD)",
        "created_at" : "2024-06-25",
        "updated_at" : "2024-07-18"
    },
    {
        "title" : "Bill of Lading",
        "description" : "sea job document (M13JHD)",
        "created_at" : "2024-06-24",
        "updated_at" : "2024-07-17"
    },
    {
        "title" : "Commercial Invoice",
        "description" : "sea job document (M13JHD)",
        "created_at" : "2024-06-23",
        "updated_at" : "2024-07-16"
    },
    {
        "title" : "Certificate of Origin",
        "description" : "sea job document (M13JHD)",
        "created_at" : "2024-06-21",
        "updated_at" : "2024-07-18"
    },
    {
        "title" : "Packing List",
        "description" : "sea job document (M13JHD)",
        "created_at" : "2024-06-20",
        "updated_at" : "2024-07-18"
    },
    {
        "title" : "Bill of Lading 2",
        "description" : "sea job document (M13JHD)",
        "created_at" : "2024-06-19",
        "updated_at" : "2024-07-17"
    },
    {
        "title" : "Commercial Invoice 2",
        "description" : "sea job document (M13JHD)",
        "created_at" : "2024-06-18",
        "updated_at" : "2024-07-16"
    },
    {
        "title" : "Certificate of Origin 2",
        "description" : "sea job document (M13JHD)",
        "created_at" : "2024-06-17",
        "updated_at" : "2024-07-18"
    }
]