[
    {
        "id": 1,
        "hbl_no": "EGOSZX23050310",
        "mbl_no": "ZIMUSHH31044831",
        "po_ref_no": "MTD062214",
        "recipt": "YANTIAN, CHINA",
        "recipt_date": "2024-06-22",
        "loading": "YANTIAN, CHINA",
        "loading_date": "2024-06-22",
        "discharge": "LONG BEACH, CA",
        "discharge_date": "2024-07-15",
        "delivery": "LONG BEACH, CA",
        "delivery_date": "2024-07-15",
        "booking_no": "ZIMUSHH31044831",
        "booking_date": "2024-06-22",
        "booking_status": "BOOKED",
        "size_type": "40HC",
        "carrier": "ZIM",
        "commodity": "FURNITURE",
        "milestone": "BOOKED",
        "milestone_group": "BOOKING",
        "shipper": "SHENZHEN YONGXIN IMPORT & EXPORT CO.,LTD",
        "consignee": "SHENZHEN YONGXIN IMPORT & EXPORT CO.,LTD",
        "created_at": "2024-06-22",
        "updated_at": "2024-07-15",
        "estimated_time_of_departure": "2024-06-22",
        "estimated_time_of_arrival": "2024-07-15",
        "actual_time_of_departure": "2024-06-22",
        "actual_time_of_arrival": "2024-07-15"
    },
    {
        "id": 2,
        "hbl_no": "EGOSZX23050311",
        "mbl_no": "MSCFRM31044832",
        "po_ref_no": "MTD062215",
        "recipt": "SHANGHAI, CHINA",
        "recipt_date": "2024-06-23",
        "loading": "SHANGHAI, CHINA",
        "loading_date": "2024-06-23",
        "discharge": "LOS ANGELES, CA",
        "discharge_date": "2024-07-16",
        "delivery": "LOS ANGELES, CA",
        "delivery_date": "2024-07-16",
        "booking_no": "MSCFRM31044832",
        "booking_date": "2024-06-23",
        "booking_status": "CANCELLED",
        "size_type": "40HC",
        "carrier": "MSC",
        "commodity": "ELECTRONICS",
        "milestone": "DISCHARGED",
        "milestone_group": "DISCHARGED",
        "shipper": "SHANGHAI ELECTRONICS CO.,LTD",
        "consignee": "SHANGHAI ELECTRONICS CO.,LTD",
        "created_at": "2024-06-23",
        "updated_at": "2024-07-16",
        "estimated_time_of_departure": "2024-06-23",
        "estimated_time_of_arrival": "2024-07-16",
        "actual_time_of_departure": "2024-06-23",
        "actual_time_of_arrival": "2024-07-16"
    },
    {
        "id": 3,
        "hbl_no": "EGOSZX23050312",
        "mbl_no": "MAEUHH31044833",
        "po_ref_no": "MTD062216",
        "recipt": "NINGBO, CHINA",
        "recipt_date": "2024-06-24",
        "loading": "NINGBO, CHINA",
        "loading_date": "2024-06-24",
        "discharge": "SEATTLE, WA",
        "discharge_date": "2024-07-17",
        "delivery": "SEATTLE, WA",
        "delivery_date": "2024-07-17",
        "booking_no": "MAEUHH31044833",
        "booking_date": "2024-06-24",
        "booking_status": "BOOKED",
        "size_type": "20GP",
        "carrier": "MAERSK",
        "commodity": "TEXTILES",
        "milestone": "DELIVERED",
        "milestone_group": "DELIVERY",
        "shipper": "NINGBO TEXTILES CO.,LTD",
        "consignee": "NINGBO TEXTILES CO.,LTD",
        "created_at": "2024-06-24",
        "updated_at": "2024-07-17",
        "estimated_time_of_departure": "2024-06-24",
        "estimated_time_of_arrival": "2024-07-17",
        "actual_time_of_departure": "2024-06-24",
        "actual_time_of_arrival": "2024-07-17"
    },
    {
        "id": 4,
        "hbl_no": "EGOSZX23050313",
        "mbl_no": "COSUHH31044834",
        "po_ref_no": "MTD062217",
        "recipt": "DALIAN, CHINA",
        "recipt_date": "2024-06-25",
        "loading": "DALIAN, CHINA",
        "loading_date": "2024-06-25",
        "discharge": "OAKLAND, CA",
        "discharge_date": "2024-07-18",
        "delivery": "OAKLAND, CA",
        "delivery_date": "2024-07-18",
        "booking_no": "COSUHH31044834",
        "booking_date": "2024-06-25",
        "booking_status": "BOOKED",
        "size_type": "40HC",
        "carrier": "COSCO",
        "commodity": "AUTOMOTIVE PARTS",
        "milestone": "ARRIVED",
        "milestone_group": "ARRIVAL",
        "shipper": "DALIAN AUTOMOTIVE CO.,LTD",
        "consignee": "DALIAN AUTOMOTIVE CO.,LTD",
        "created_at": "2024-06-25",
        "updated_at": "2024-07-18",
        "estimated_time_of_departure": "2024-06-25",
        "estimated_time_of_arrival": "2024-07-18",
        "actual_time_of_departure": "2024-06-25",
        "actual_time_of_arrival": "2024-07-18"
    },
    {
        "id": 5,
        "hbl_no": "EGOSZX23050314",
        "mbl_no": "ONEUSH31044835",
        "po_ref_no": "MTD062218",
        "recipt": "QINGDAO, CHINA",
        "recipt_date": "2024-06-26",
        "loading": "QINGDAO, CHINA",
        "loading_date": "2024-06-26",
        "discharge": "HOUSTON, TX",
        "discharge_date": "2024-07-19",
        "delivery": "HOUSTON, TX",
        "delivery_date": "2024-07-19",
        "booking_no": "ONEUSH31044835",
        "booking_status": "BOOKED",
        "booking_date": "2024-06-26",
        "size_type": "20GP",
        "carrier": "ONE",
        "commodity": "MACHINERY",
        "milestone": "ARRIVED",
        "milestone_group": "ARRIVAL",
        "shipper": "QINGDAO MACHINERY CO.,LTD",
        "consignee": "QINGDAO MACHINERY CO.,LTD",
        "created_at": "2024-06-26",
        "updated_at": "2024-07-19",
        "estimated_time_of_departure": "2024-06-26",
        "estimated_time_of_arrival": "2024-07-19",
        "actual_time_of_departure": "2024-06-26",
        "actual_time_of_arrival": "2024-07-19"
    },
    {
        "id": 6,
        "hbl_no": "EGOSZX23050315",
        "mbl_no": "CMAUSH31044836",
        "po_ref_no": "MTD062219",
        "recipt": "TIANJIN, CHINA",
        "recipt_date": "2024-06-27",
        "loading": "TIANJIN, CHINA",
        "loading_date": "2024-06-27",
        "discharge": "NEW YORK, NY",
        "discharge_date": "2024-07-20",
        "delivery": "NEW YORK, NY",
        "delivery_date": "2024-07-20",
        "booking_no": "CMAUSH31044836",
        "booking_status": "BOOKED",
        "booking_date": "2024-06-27",
        "size_type": "40HC",
        "carrier": "CMA CGM",
        "commodity": "PLASTICS",
        "milestone": "RETURNED",
        "milestone_group": "RETURN",
        "shipper": "TIANJIN PLASTICS CO.,LTD",
        "consignee": "TIANJIN PLASTICS CO.,LTD",
        "created_at": "2024-06-27",
        "updated_at": "2024-07-20",
        "estimated_time_of_departure": "2024-06-27",
        "estimated_time_of_arrival": "2024-07-20",
        "actual_time_of_departure": "2024-06-27",
        "actual_time_of_arrival": "2024-07-20"
    },
    {
        "id": 7,
        "hbl_no": "EGOSZX23050316",
        "mbl_no": "HLCUHH31044837",
        "po_ref_no": "MTD062220",
        "recipt": "XIAMEN, CHINA",
        "recipt_date": "2024-06-28",
        "loading": "XIAMEN, CHINA",
        "loading_date": "2024-06-28",
        "discharge": "MIAMI, FL",
        "discharge_date": "2024-07-21",
        "delivery": "MIAMI, FL",
        "delivery_date": "2024-07-21",
        "booking_no": "HLCUHH31044837",
        "booking_status": "BOOKED",
        "booking_date": "2024-06-28",
        "size_type": "20GP",
        "carrier": "HAPAG LLOYD",
        "commodity": "FOOD",
        "milestone": "RETURNED",
        "milestone_group": "RETURN",
        "shipper": "XIAMEN FOOD CO.,LTD",
        "consignee": "XIAMEN FOOD CO.,LTD",
        "created_at": "2024-06-28",
        "updated_at": "2024-07-21",
        "estimated_time_of_departure": "2024-06-28",
        "estimated_time_of_arrival": "2024-07-21",
        "actual_time_of_departure": "2024-06-28",
        "actual_time_of_arrival": "2024-07-21"
    },
    {
        "id": 8,
        "hbl_no": "EGOSZX23050317",
        "mbl_no": "HDMUHH31044838",
        "po_ref_no": "MTD062221",
        "recipt": "GUANGZHOU, CHINA",
        "recipt_date": "2024-06-29",
        "loading": "GUANGZHOU, CHINA",
        "loading_date": "2024-06-29",
        "discharge": "CHARLESTON, SC",
        "discharge_date": "2024-07-22",
        "delivery": "CHARLESTON, SC",
        "delivery_date": "2024-07-22",
        "booking_no": "HDMUHH31044838",
        "booking_status": "BOOKED",
        "booking_date": "2024-06-29",
        "size_type": "40HC",
        "carrier": "HYUNDAI",
        "commodity": "CLOTHING",
        "milestone": "RETURNED",
        "milestone_group": "RETURN",
        "shipper": "GUANGZHOU CLOTHING CO.,LTD",
        "consignee": "GUANGZHOU CLOTHING CO.,LTD",
        "created_at": "2024-06-29",
        "updated_at": "2024-07-22",
        "estimated_time_of_departure": "2024-06-29",
        "estimated_time_of_arrival": "2024-07-22",
        "actual_time_of_departure": "2024-06-29",
        "actual_time_of_arrival": "2024-07-22"
    },
    {
        "id": 9,
        "hbl_no": "EGOSZX23050318",
        "mbl_no": "APLUHH31044839",
        "po_ref_no": "MTD062222",
        "recipt": "SHENZHEN, CHINA",
        "recipt_date": "2024-06-30",
        "loading": "SHENZHEN, CHINA",
        "loading_date": "2024-06-30",
        "discharge": "SAVANNAH, GA",
        "discharge_date": "2024-07-23",
        "delivery": "SAVANNAH, GA",
        "delivery_date": "2024-07-23",
        "booking_no": "APLUHH31044839",
        "booking_status": "BOOKED",
        "booking_date": "2024-06-30",
        "size_type": "20GP",
        "carrier": "APL",
        "commodity": "CHEMICALS",
        "milestone": "RETURNED",
        "milestone_group": "RETURN",
        "shipper": "SHENZHEN CHEMICALS CO.,LTD",
        "consignee": "SHENZHEN CHEMICALS CO.,LTD",
        "created_at": "2024-06-30",
        "updated_at": "2024-07-23",
        "estimated_time_of_departure": "2024-06-30",
        "estimated_time_of_arrival": "2024-07-23",
        "actual_time_of_departure": "2024-06-30",
        "actual_time_of_arrival": "2024-07-23"
    },
    {
        "id": 10,
        "hbl_no": "EGOSZX23050319",
        "mbl_no": "OOCLHH31044840",
        "po_ref_no": "MTD062223",
        "recipt": "BEIJING, CHINA",
        "recipt_date": "2024-07-01",
        "loading": "BEIJING, CHINA",
        "loading_date": "2024-07-01",
        "discharge": "NORFOLK, VA",
        "discharge_date": "2024-07-24",
        "delivery": "NORFOLK, VA",
        "delivery_date": "2024-07-24",
        "booking_no": "OOCLHH31044840",
        "booking_status": "BOOKED",
        "booking_date": "2024-07-01",
        "size_type": "40HC",
        "carrier": "OOCL",
        "commodity": "PHARMACEUTICALS",
        "milestone": "RETURNED",
        "milestone_group": "RETURN",
        "shipper": "BEIJING PHARMACEUTICALS CO.,LTD",
        "consignee": "BEIJING PHARMACEUTICALS CO.,LTD",
        "created_at": "2024-07-01",
        "updated_at": "2024-07-24",
        "estimated_time_of_departure": "2024-07-01",
        "estimated_time_of_arrival": "2024-07-24",
        "actual_time_of_departure": "2024-07-01",
        "actual_time_of_arrival": "2024-07-24"
    }
]